first_name,s,d
c2be3ab8-b93a-4883-a288-8df4cecfc966,2021-07-24 14:11:28,1619422906000
9f44da9d-9e48-4d79-b01e-bc0881dc896e,2020-12-31 08:20:18,1635659876000
fc68aa8b-18ca-49bb-8950-25d30303bd02,2021-03-07 06:27:49,1624409428000
0e9b65ad-2530-4c3e-a19b-f5f11a173b99,2021-06-25 03:29:46,1628401833000
8a059175-97c4-4529-8a23-11ba368bf2e2,2021-05-08 12:29:22,1611740520000
003df37e-ed75-4869-a387-15b420e27719,2021-03-28 09:50:13,1611415885000
9d684093-8fed-44a8-8154-660b1fd36439,2021-07-20 15:02:41,1615302391000
393309cc-f8a5-441b-b4a0-e1d22856d51e,2021-05-24 23:16:09,1614077525000
342a717f-3144-4a18-9d72-56bd861ffd31,2021-02-20 21:32:35,1629633597000
14530fe1-51c5-4675-8a47-c3564b7042be,2020-12-07 02:27:07,1607326207000
0d08def5-1a57-412d-ad31-aae0c10904cc,2021-09-26 12:03:09,1617865452000
c05e10bd-5db5-4b30-b1a6-1eef9689def5,2021-06-24 20:44:42,1635342041000
45f29e40-07f2-4e86-a5d3-01dd7614b4f2,2021-07-21 04:06:10,1625331922000
a6e382f3-c7ee-4777-91c4-5b59a596296d,2020-12-21 11:35:43,1627371457000
54c2ae3b-8e6b-4f93-87e0-23d5544ed564,2021-06-01 10:23:33,1612866433000
31f35617-24d6-4fe3-bd2b-190966c4a7bd,2021-09-09 11:42:21,1612520076000
26967c9d-0569-45e4-b531-7e4d6eba93fc,2020-12-12 04:52:26,1610639608000
722176b6-192c-45e1-85b5-a2db28bb669b,2021-02-19 01:09:03,1617498937000
753592ca-2746-41c6-a6f3-55a15305ba22,2021-08-24 15:48:42,1627197804000
18da74b3-fbcb-43e3-8280-2c2847692368,2021-03-15 06:37:49,1635085172000
0599254c-69d6-4419-9d9d-97858faa1c7e,2021-01-20 17:51:51,1612143107000
3c069758-8b72-45ac-a916-b3426c6cafe0,2021-09-27 16:12:21,1623433790000
ad546984-6376-4b44-9b8b-876c47ae0f9b,2020-12-29 01:35:41,1625970472000
8578a5ab-1b9b-487d-b420-ab0460d161c5,2020-12-12 20:15:50,1624568853000
51568813-1a6a-4873-a827-87eb6f6d977c,2021-01-15 10:38:53,1634559533000
22b63eef-5cf5-4bad-a492-f690f9d26828,2021-09-27 21:25:44,1627684823000
06f80cd7-fc58-4d8c-8382-ef6ab34ea303,2021-01-03 22:43:58,1624079606000
8737e6ed-83b7-4606-b921-5ef5104cc1ee,2021-05-13 03:48:25,1613916671000
0ffae39e-ced1-42c0-a4ff-4f1ff22796ed,2021-02-08 17:33:03,1629654419000
421f2963-4229-4278-b3dc-be9f9db1095c,2021-05-03 23:38:42,1634323602000
6cd529d7-f6d0-4101-ae69-878762e9bfdf,2021-10-09 17:41:52,1612841077000
85bd301c-fe72-43a3-bcd5-b34070c614f4,2021-06-27 16:48:49,1621155729000
9ca993dc-d314-4d41-a0bf-e3e78e595ef0,2021-08-18 07:52:01,1607504664000
7313978c-5729-41c2-9cbc-45bdfa61fe8d,2021-08-19 18:44:59,1614944703000
10764dba-f506-4d45-9f3b-b5965d4f64be,2021-04-13 23:23:24,1637475578000
9164b84f-ba1e-407d-a3ba-f422f6837c9e,2021-10-06 18:43:10,1612763058000
01ac8431-d552-4705-aaa7-ce0977963f6b,2021-09-21 16:21:22,1618807926000
64e29258-4a03-4491-91b1-6b9030630dac,2021-04-16 04:06:13,1625112881000
49c1807f-1c5e-4f42-bf1d-eb9c49b5f6ce,2021-04-20 18:45:17,1626008738000
eac6828e-6790-4919-986b-a1126afd8c0e,2021-04-04 01:46:45,1608627581000
4dc5d8b4-d161-4c16-96d0-854fa7894523,2021-04-27 06:25:29,1614641395000
0080dfcf-af2c-4563-b76e-c5e247c02e24,2020-12-14 08:39:45,1621717405000
27eddaff-3049-4b81-bef5-956231e44202,2021-03-23 21:48:09,1610483129000
fa0d835b-9039-4f89-bb09-2677bf68e572,2021-04-09 23:32:10,1622521123000
4eb78a3a-7804-4ddf-88f6-4f147a9742c8,2021-05-22 03:24:13,1610217778000
f7706b83-d85d-49f7-b736-8b95134c85b1,2021-07-29 23:20:34,1630189537000
350a300d-08f5-49af-aa98-5a64e8ee40f3,2021-03-08 09:22:03,1611717166000
f63cbd0f-5c82-4568-893c-94eb3a46818d,2020-12-01 04:13:15,1629191125000
7b5e948d-2a53-43ad-b005-c509c521c460,2021-03-19 05:16:45,1633463852000
238caaec-aed0-4987-90ec-730ad015378d,2021-04-15 21:39:34,1625999776000
8d9a3e56-9eaa-4ba2-a5bd-3c811b70e230,2021-09-02 07:43:36,1627791667000
a13a0282-e30b-4585-8cc3-9f07b82c1a5f,2021-11-10 00:01:50,1616278041000
61cc935a-ea93-49e2-a7c5-c61556d9263b,2021-06-13 03:29:17,1623624900000
dd0215a1-aeab-4ac6-baa1-df722fb1d49b,2020-12-30 02:12:33,1610041447000
7ec64958-2940-4be6-a25f-805c5811359e,2021-07-31 11:53:05,1632561654000
3801abae-6ecd-49b8-b1a7-b17052a4db05,2020-12-05 22:57:24,1613012664000
4eb37469-9fd9-407d-82d2-78f952a9345d,2020-12-01 23:03:44,1623030123000
1c873221-efdd-41d8-914a-724d3791eba8,2021-03-26 11:19:49,1637788429000
0f168930-bce2-4e91-b8a8-faa4c8f7e902,2021-05-09 15:34:44,1620497697000
9cdb700f-6701-4d32-bb82-6039fedfd72d,2021-09-24 02:30:02,1609815654000
a1ac7df5-592b-4955-b8e8-c354e0e5e341,2021-03-10 19:04:08,1631429772000
a0cefdd4-00d4-4c1b-8bf6-42ac0e2df12f,2021-06-15 09:18:13,1613384689000
9aec13a8-e761-48d0-90d1-d0a0593fe9db,2021-06-13 01:31:42,1611392505000
293c0116-8512-454b-a397-efeb9cbb902d,2021-03-29 15:54:19,1607824637000
d88016ae-17ee-45fa-90e2-ece06effeaf8,2021-11-19 18:55:08,1616981846000
6c451deb-695f-4f3a-8415-730da7ed1592,2021-10-10 18:02:02,1607405597000
f283d97b-5155-4f44-a516-bfaa42a8bc21,2021-03-16 02:18:00,1621198186000
a02e33aa-a4ea-434c-a977-7686eafc5695,2021-06-22 06:56:10,1614131767000
9ae7347f-644e-47f5-9691-1e61fb0c71c5,2021-05-28 09:27:48,1630265393000
58624371-60b3-437b-bc7b-2e94a1794374,2021-09-23 06:27:31,1623528282000
f21f3c74-12df-4b2f-94b1-2400fbe43581,2021-07-09 19:44:53,1622247200000
bc7272ff-e17b-4a68-aee5-8c9e12572300,2021-10-04 08:02:11,1623179295000
404be658-9ade-420f-9e62-998108fb219b,2021-03-27 00:43:10,1614055445000
754c08b6-3ef5-41dd-ad80-90f293e315de,2021-11-21 12:23:11,1637634420000
10415912-a5c9-4c2e-bc8d-6b3696148fd9,2021-09-03 05:18:50,1613156992000
efb46726-66cc-4ca4-aade-255f77b5e08d,2020-12-22 14:40:52,1622673208000
984d056a-c7a5-4ee8-a23c-a941520d6b25,2021-09-09 00:14:12,1632812231000
740965be-cf33-4928-b395-aad8c063d0f9,2021-10-25 21:08:10,1607965475000
5242f326-1990-4bef-9385-b6b4d1566735,2021-02-26 03:23:51,1610106674000
d01f3117-276f-44ca-b7c7-703a7a7aedc9,2021-07-01 03:17:08,1629963880000
aa42fa52-4e4c-4dab-a2db-646a888032d3,2021-05-14 03:29:53,1615606790000
d318e9a3-9cb8-4cff-961d-efaf04ce67ba,2021-05-06 15:05:29,1623503516000
4ec4dc4e-db7a-4724-aab7-0092572c4f15,2021-10-21 13:13:09,1607253554000
e94ceae3-7ad0-40b0-b552-9adc1f719605,2021-08-25 17:46:21,1627343473000
b477b40c-7c6d-4382-8c74-37a576eae3b9,2021-09-19 09:47:01,1620202863000
e5a1f883-4f80-4ab3-bc30-12cb3230ece2,2021-04-20 17:11:18,1606992059000
47424e48-4165-403d-9f2f-ab9182f5a120,2021-06-10 04:12:23,1635869640000
b00727dd-1762-4560-b847-3f122671d4a8,2021-01-14 00:06:30,1634046663000
a060d551-e274-49c3-8ddf-35f5f74cc223,2021-04-12 16:17:28,1636008796000
3b71190d-6c69-44b5-b506-a23ea1383ce1,2021-01-30 21:17:20,1633204084000
933f0833-a89c-4370-a05b-45adc5232ebc,2021-02-03 20:25:37,1622738391000
ce9e2ae7-3d76-4cf8-ad8b-7b44c0afb1d5,2020-12-22 11:31:33,1632013228000
14427f65-ef18-4273-b324-8725096fc124,2021-06-08 16:56:13,1612701038000
91722dd9-aae7-46d4-8d84-ecebb125d890,2021-05-06 17:11:36,1620790822000
158e24fb-cff8-4aeb-98b2-125f1fcf3219,2021-10-05 03:49:01,1624596734000
575d0af6-7766-45b6-8745-7869ed4c584a,2021-04-16 09:44:48,1622361090000
4f2c6034-888e-4aee-b575-62dc651ae6ca,2021-06-03 00:25:08,1625345670000
7ae1148e-aed3-4ad5-ac96-3c568b5b3df8,2021-10-16 20:08:24,1609640637000
24e2e9e0-8eca-4897-9d50-64cb484556f2,2021-04-28 07:20:00,1623751114000
18f5d3ea-4384-445e-82f6-279832030e52,2020-12-29 12:37:44,1628442447000
